<?xml version="1.0" encoding="UTF-8"?><idempiere Name="2Pack" Version="1.0.0" idempiereVersion="" DataBaseVersion="" Description="JPiere Base Plugin" Author="" AuthorEmail="" CreatedDate="2014-12-28 23:19:26.136" UpdatedDate="2014-12-29 09:49:49.635" PackOutVersion="100" UpdateDictionary="false" Client="0-SYSTEM-System" AD_Client_UU="11237b53-9592-4af1-b3c5-afd216514b5d">
    <AD_EntityType type="table">
        <AD_Client_ID>0</AD_Client_ID>
        <AD_Org_ID>0</AD_Org_ID>
        <Processing>false</Processing>
        <ModelPackage/>
        <Version/>
        <Help/>
        <EntityType>JP</EntityType>
        <Classpath/>
        <Description/>
        <AD_EntityType_UU>4ac0fff6-1d78-4822-82cc-eea8167ad696</AD_EntityType_UU>
        <IsActive>true</IsActive>
        <Name>JPiere</Name>
    </AD_EntityType>
    <AD_Form type="table">
        <AD_Client_ID>0</AD_Client_ID>
        <AD_Org_ID>0</AD_Org_ID>
        <AccessLevel>1</AccessLevel>
        <Classname>jpiere.base.plugin.webui.apps.form.WAllocation</Classname>
        <Help/>
        <JSPURL/>
        <IsBetaFunctionality>false</IsBetaFunctionality>
        <AD_Form_UU>c9e9a350-254c-43ca-b123-17cdf4d5a687</AD_Form_UU>
        <Description>JPIERE-0026 Allocate invoices and payments</Description>
        <Name>JP Payment Allocation</Name>
        <IsActive>true</IsActive>
        <AD_CtxHelp_ID reference="id"/>
        <EntityType>JP</EntityType>
        <AD_Form_Trl type="translation">
            <Help/>
            <Description>異なる取引間で債権債務の消込ができます。</Description>
            <Name>JP 消込処理</Name>
            <AD_Language>ja_JP</AD_Language>
            <IsActive>true</IsActive>
            <IsTranslated>false</IsTranslated>
        </AD_Form_Trl>
    </AD_Form>
    <AD_Menu type="table">
        <Parent_ID reference="id">165</Parent_ID>
        <SeqNo>8</SeqNo>
        <AD_Menu_ID>110</AD_Menu_ID>
        <AD_Client_ID>0</AD_Client_ID>
        <AD_Org_ID>0</AD_Org_ID>
        <AD_Task_ID reference="id"/>
        <AD_Menu_ID>110</AD_Menu_ID>
        <IsSummary>false</IsSummary>
        <IsSOTrx>true</IsSOTrx>
        <IsReadOnly>false</IsReadOnly>
        <IsCentrallyMaintained>true</IsCentrallyMaintained>
        <Name>Business Partner</Name>
        <Description>Maintain Business Partners</Description>
        <AD_Menu_UU>aa22ba40-e496-4282-8671-34b4078ac864</AD_Menu_UU>
        <Action>W</Action>
        <IsActive>true</IsActive>
        <AD_InfoWindow_ID reference="id"/>
        <AD_Form_ID reference="id"/>
        <AD_Process_ID reference="id"/>
        <AD_Window_ID reference="id">123</AD_Window_ID>
        <AD_Workflow_ID reference="id"/>
        <EntityType>D</EntityType>
        <AD_Menu_Trl type="translation">
            <Name>取引先マスタ</Name>
            <Description/>
            <AD_Language>ja_JP</AD_Language>
            <IsActive>true</IsActive>
            <IsTranslated>true</IsTranslated>
        </AD_Menu_Trl>
        <AD_Menu_Trl type="translation">
            <Name>Tercero</Name>
            <Description>Mantener terceros</Description>
            <AD_Language>es_CO</AD_Language>
            <IsActive>true</IsActive>
            <IsTranslated>true</IsTranslated>
        </AD_Menu_Trl>
        <AD_Element type="table">
            <AD_Client_ID>0</AD_Client_ID>
            <AD_Org_ID>0</AD_Org_ID>
            <ColumnName>JP_SOTaxRounding</ColumnName>
            <Help/>
            <PO_Description/>
            <PO_Help/>
            <Name>SO Tax Rounding</Name>
            <Description/>
            <PrintName>SO Tax Rounding</PrintName>
            <PO_Name/>
            <PO_PrintName/>
            <AD_Element_UU>bf3c6ce0-bd58-4e92-8707-577aea884a5f</AD_Element_UU>
            <IsActive>true</IsActive>
            <EntityType>JP</EntityType>
            <AD_Element_Trl type="translation">
                <Help/>
                <PO_Description/>
                <PO_Help/>
                <Name>売上に係る消費税の端数処理</Name>
                <Description/>
                <PrintName>売上に係る消費税の端数処理</PrintName>
                <PO_Name/>
                <PO_PrintName/>
                <AD_Language>ja_JP</AD_Language>
                <IsActive>true</IsActive>
                <IsTranslated>false</IsTranslated>
            </AD_Element_Trl>
        </AD_Element>
        <AD_Reference type="table">
            <AD_Client_ID>0</AD_Client_ID>
            <AD_Org_ID>0</AD_Org_ID>
            <Help/>
            <Name>JP_RoundingMode</Name>
            <EntityType>JP</EntityType>
            <AD_Reference_UU>cb918de4-bbbc-4da4-8c5b-5acbe1689c49</AD_Reference_UU>
            <IsOrderByValue>false</IsOrderByValue>
            <Description/>
            <ValidationType>L</ValidationType>
            <VFormat/>
            <IsActive>true</IsActive>
            <AD_Reference_Trl type="translation">
                <Help/>
                <Name>JP_RoundingMode-丸め処理</Name>
                <Description/>
                <AD_Language>ja_JP</AD_Language>
                <IsActive>true</IsActive>
                <IsTranslated>false</IsTranslated>
            </AD_Reference_Trl>
            <AD_Ref_List type="table">
                <AD_Client_ID>0</AD_Client_ID>
                <AD_Org_ID>0</AD_Org_ID>
                <ValidFrom/>
                <AD_Reference_ID reference="uuid" reference-key="AD_Reference">cb918de4-bbbc-4da4-8c5b-5acbe1689c49</AD_Reference_ID>
                <ValidTo/>
                <AD_Ref_List_UU>1a3265a9-f8ef-411f-8da9-a810b74bc9e4</AD_Ref_List_UU>
                <Description/>
                <Name>UP</Name>
                <Value>0</Value>
                <IsActive>true</IsActive>
                <EntityType>JP</EntityType>
                <AD_Ref_List_Trl type="translation">
                    <Description/>
                    <Name>UP(切上)</Name>
                    <AD_Language>ja_JP</AD_Language>
                    <IsActive>true</IsActive>
                    <IsTranslated>false</IsTranslated>
                </AD_Ref_List_Trl>
            </AD_Ref_List>
            <AD_Ref_List type="table">
                <AD_Client_ID>0</AD_Client_ID>
                <AD_Org_ID>0</AD_Org_ID>
                <ValidFrom/>
                <AD_Reference_ID reference="uuid" reference-key="AD_Reference">cb918de4-bbbc-4da4-8c5b-5acbe1689c49</AD_Reference_ID>
                <ValidTo/>
                <AD_Ref_List_UU>96d7f78c-a65e-47c6-b50d-2666644b35f1</AD_Ref_List_UU>
                <Description/>
                <Name>DOWN</Name>
                <Value>1</Value>
                <IsActive>true</IsActive>
                <EntityType>JP</EntityType>
                <AD_Ref_List_Trl type="translation">
                    <Description/>
                    <Name>DOWN(切捨)</Name>
                    <AD_Language>ja_JP</AD_Language>
                    <IsActive>true</IsActive>
                    <IsTranslated>false</IsTranslated>
                </AD_Ref_List_Trl>
            </AD_Ref_List>
            <AD_Ref_List type="table">
                <AD_Client_ID>0</AD_Client_ID>
                <AD_Org_ID>0</AD_Org_ID>
                <ValidFrom/>
                <AD_Reference_ID reference="uuid" reference-key="AD_Reference">cb918de4-bbbc-4da4-8c5b-5acbe1689c49</AD_Reference_ID>
                <ValidTo/>
                <AD_Ref_List_UU>337bdd6b-755b-47bc-b34a-66276a95a27c</AD_Ref_List_UU>
                <Description/>
                <Name>CEILING</Name>
                <Value>2</Value>
                <IsActive>true</IsActive>
                <EntityType>JP</EntityType>
                <AD_Ref_List_Trl type="translation">
                    <Description/>
                    <Name>CEILING</Name>
                    <AD_Language>ja_JP</AD_Language>
                    <IsActive>true</IsActive>
                    <IsTranslated>false</IsTranslated>
                </AD_Ref_List_Trl>
            </AD_Ref_List>
            <AD_Ref_List type="table">
                <AD_Client_ID>0</AD_Client_ID>
                <AD_Org_ID>0</AD_Org_ID>
                <ValidFrom/>
                <AD_Reference_ID reference="uuid" reference-key="AD_Reference">cb918de4-bbbc-4da4-8c5b-5acbe1689c49</AD_Reference_ID>
                <ValidTo/>
                <AD_Ref_List_UU>0a2df222-d11b-4a48-bc6d-676017b6ff89</AD_Ref_List_UU>
                <Description/>
                <Name>FLOOR</Name>
                <Value>3</Value>
                <IsActive>true</IsActive>
                <EntityType>JP</EntityType>
                <AD_Ref_List_Trl type="translation">
                    <Description/>
                    <Name>FLOOR</Name>
                    <AD_Language>ja_JP</AD_Language>
                    <IsActive>true</IsActive>
                    <IsTranslated>false</IsTranslated>
                </AD_Ref_List_Trl>
            </AD_Ref_List>
            <AD_Ref_List type="table">
                <AD_Client_ID>0</AD_Client_ID>
                <AD_Org_ID>0</AD_Org_ID>
                <ValidFrom/>
                <AD_Reference_ID reference="uuid" reference-key="AD_Reference">cb918de4-bbbc-4da4-8c5b-5acbe1689c49</AD_Reference_ID>
                <ValidTo/>
                <AD_Ref_List_UU>72ffd804-67cc-448b-b911-6c7046539ce1</AD_Ref_List_UU>
                <Description/>
                <Name>HALF_UP</Name>
                <Value>4</Value>
                <IsActive>true</IsActive>
                <EntityType>JP</EntityType>
                <AD_Ref_List_Trl type="translation">
                    <Description/>
                    <Name>HALF_UP(四捨五入)</Name>
                    <AD_Language>ja_JP</AD_Language>
                    <IsActive>true</IsActive>
                    <IsTranslated>false</IsTranslated>
                </AD_Ref_List_Trl>
            </AD_Ref_List>
            <AD_Ref_List type="table">
                <AD_Client_ID>0</AD_Client_ID>
                <AD_Org_ID>0</AD_Org_ID>
                <ValidFrom/>
                <AD_Reference_ID reference="uuid" reference-key="AD_Reference">cb918de4-bbbc-4da4-8c5b-5acbe1689c49</AD_Reference_ID>
                <ValidTo/>
                <AD_Ref_List_UU>0abbefc7-fa64-467b-8763-f95a248d3d40</AD_Ref_List_UU>
                <Description/>
                <Name>UNNECESSARY</Name>
                <Value>7</Value>
                <IsActive>true</IsActive>
                <EntityType>JP</EntityType>
                <AD_Ref_List_Trl type="translation">
                    <Description/>
                    <Name>UNNECESSARY</Name>
                    <AD_Language>ja_JP</AD_Language>
                    <IsActive>true</IsActive>
                    <IsTranslated>false</IsTranslated>
                </AD_Ref_List_Trl>
            </AD_Ref_List>
            <AD_Ref_List type="table">
                <AD_Client_ID>0</AD_Client_ID>
                <AD_Org_ID>0</AD_Org_ID>
                <ValidFrom/>
                <AD_Reference_ID reference="uuid" reference-key="AD_Reference">cb918de4-bbbc-4da4-8c5b-5acbe1689c49</AD_Reference_ID>
                <ValidTo/>
                <AD_Ref_List_UU>507a4f3a-83e6-4589-98cb-16cd1ad0e2d9</AD_Ref_List_UU>
                <Description/>
                <Name>HALF_DOWN</Name>
                <Value>5</Value>
                <IsActive>true</IsActive>
                <EntityType>JP</EntityType>
                <AD_Ref_List_Trl type="translation">
                    <Description/>
                    <Name>HALF_DOWN</Name>
                    <AD_Language>ja_JP</AD_Language>
                    <IsActive>true</IsActive>
                    <IsTranslated>false</IsTranslated>
                </AD_Ref_List_Trl>
            </AD_Ref_List>
            <AD_Ref_List type="table">
                <AD_Client_ID>0</AD_Client_ID>
                <AD_Org_ID>0</AD_Org_ID>
                <ValidFrom/>
                <AD_Reference_ID reference="uuid" reference-key="AD_Reference">cb918de4-bbbc-4da4-8c5b-5acbe1689c49</AD_Reference_ID>
                <ValidTo/>
                <AD_Ref_List_UU>0ca1fa40-695b-4e64-90c8-3d6fabb28a98</AD_Ref_List_UU>
                <Description/>
                <Name>HALF_EVEN</Name>
                <Value>6</Value>
                <IsActive>true</IsActive>
                <EntityType>JP</EntityType>
                <AD_Ref_List_Trl type="translation">
                    <Description/>
                    <Name>HALF_EVEN</Name>
                    <AD_Language>ja_JP</AD_Language>
                    <IsActive>true</IsActive>
                    <IsTranslated>false</IsTranslated>
                </AD_Ref_List_Trl>
            </AD_Ref_List>
        </AD_Reference>
        <AD_Column type="table">
            <IsSyncDatabase>Y</IsSyncDatabase>
            <AD_Table_ID reference="id">291</AD_Table_ID>
            <AD_Reference_Value_ID reference="uuid" reference-key="AD_Reference">cb918de4-bbbc-4da4-8c5b-5acbe1689c49</AD_Reference_Value_ID>
            <AD_Client_ID>0</AD_Client_ID>
            <AD_Org_ID>0</AD_Org_ID>
            <SeqNoSelection>0</SeqNoSelection>
            <Version>0</Version>
            <ValueMax/>
            <IsMandatory>false</IsMandatory>
            <IsTranslated>false</IsTranslated>
            <IsIdentifier>false</IsIdentifier>
            <SeqNo>0</SeqNo>
            <ValueMin/>
            <IsParent>false</IsParent>
            <FieldLength>1</FieldLength>
            <IsSelectionColumn>false</IsSelectionColumn>
            <IsKey>false</IsKey>
            <ReadOnlyLogic/>
            <IsAutocomplete>false</IsAutocomplete>
            <IsAllowLogging>true</IsAllowLogging>
            <MandatoryLogic/>
            <FormatPattern/>
            <AD_Column_UU>fb43f078-ebaa-4c37-b0ac-d242008e4abc</AD_Column_UU>
            <IsUpdateable>true</IsUpdateable>
            <Callout/>
            <ColumnName>JP_SOTaxRounding</ColumnName>
            <Description/>
            <ColumnSQL/>
            <DefaultValue/>
            <Help/>
            <Name>SO Tax Rounding</Name>
            <IsAllowCopy>true</IsAllowCopy>
            <IsActive>true</IsActive>
            <IsToolbarButton>false</IsToolbarButton>
            <IsAlwaysUpdateable>false</IsAlwaysUpdateable>
            <VFormat/>
            <IsEncrypted>N</IsEncrypted>
            <IsSecure>false</IsSecure>
            <AD_Chart_ID reference="id"/>
            <FKConstraintName/>
            <FKConstraintType>N</FKConstraintType>
            <AD_Element_ID reference="uuid" reference-key="AD_Element">bf3c6ce0-bd58-4e92-8707-577aea884a5f</AD_Element_ID>
            <AD_Reference_ID reference="id">17</AD_Reference_ID>
            <AD_Val_Rule_ID reference="id"/>
            <AD_Process_ID reference="id"/>
            <EntityType>JP</EntityType>
        </AD_Column>
        <AD_Element type="table">
            <AD_Client_ID>0</AD_Client_ID>
            <AD_Org_ID>0</AD_Org_ID>
            <ColumnName>JP_POTaxRounding</ColumnName>
            <Help/>
            <PO_Description/>
            <PO_Help/>
            <Name>PO Tax Rounding</Name>
            <Description/>
            <PrintName>PO Tax Rounding</PrintName>
            <PO_Name/>
            <PO_PrintName/>
            <AD_Element_UU>b8e3c63c-15db-476b-bee7-32e3580eeb91</AD_Element_UU>
            <IsActive>true</IsActive>
            <EntityType>JP</EntityType>
            <AD_Element_Trl type="translation">
                <Help/>
                <PO_Description/>
                <PO_Help/>
                <Name>仕入に係る消費税の端数処理</Name>
                <Description/>
                <PrintName>仕入に係る消費税の端数処理</PrintName>
                <PO_Name/>
                <PO_PrintName/>
                <AD_Language>ja_JP</AD_Language>
                <IsActive>true</IsActive>
                <IsTranslated>false</IsTranslated>
            </AD_Element_Trl>
        </AD_Element>
        <AD_Column type="table">
            <IsSyncDatabase>Y</IsSyncDatabase>
            <AD_Table_ID reference="id">291</AD_Table_ID>
            <AD_Reference_Value_ID reference="uuid" reference-key="AD_Reference">cb918de4-bbbc-4da4-8c5b-5acbe1689c49</AD_Reference_Value_ID>
            <AD_Client_ID>0</AD_Client_ID>
            <AD_Org_ID>0</AD_Org_ID>
            <SeqNoSelection>0</SeqNoSelection>
            <Version>0</Version>
            <ValueMax/>
            <IsMandatory>false</IsMandatory>
            <IsTranslated>false</IsTranslated>
            <IsIdentifier>false</IsIdentifier>
            <SeqNo>0</SeqNo>
            <ValueMin/>
            <IsParent>false</IsParent>
            <FieldLength>1</FieldLength>
            <IsSelectionColumn>false</IsSelectionColumn>
            <IsKey>false</IsKey>
            <ReadOnlyLogic/>
            <IsAutocomplete>false</IsAutocomplete>
            <IsAllowLogging>true</IsAllowLogging>
            <MandatoryLogic/>
            <FormatPattern/>
            <AD_Column_UU>2bef6236-9bfd-4f42-acf4-465bd2e760d9</AD_Column_UU>
            <IsUpdateable>true</IsUpdateable>
            <Callout/>
            <ColumnName>JP_POTaxRounding</ColumnName>
            <Description/>
            <ColumnSQL/>
            <DefaultValue/>
            <Help/>
            <Name>PO Tax Rounding</Name>
            <IsAllowCopy>true</IsAllowCopy>
            <IsActive>true</IsActive>
            <IsToolbarButton>false</IsToolbarButton>
            <IsAlwaysUpdateable>false</IsAlwaysUpdateable>
            <VFormat/>
            <IsEncrypted>N</IsEncrypted>
            <IsSecure>false</IsSecure>
            <AD_Chart_ID reference="id"/>
            <FKConstraintName/>
            <FKConstraintType>N</FKConstraintType>
            <AD_Element_ID reference="uuid" reference-key="AD_Element">b8e3c63c-15db-476b-bee7-32e3580eeb91</AD_Element_ID>
            <AD_Reference_ID reference="id">17</AD_Reference_ID>
            <AD_Val_Rule_ID reference="id"/>
            <AD_Process_ID reference="id"/>
            <EntityType>JP</EntityType>
        </AD_Column>
        <AD_Field type="table">
            <AD_Client_ID>0</AD_Client_ID>
            <AD_Org_ID>0</AD_Org_ID>
            <SortNo/>
            <IsEncrypted>false</IsEncrypted>
            <AD_Tab_ID reference="id">220</AD_Tab_ID>
            <DisplayLength>1</DisplayLength>
            <IsSameLine>false</IsSameLine>
            <IsHeading>false</IsHeading>
            <SeqNo>240</SeqNo>
            <IsCentrallyMaintained>true</IsCentrallyMaintained>
            <IsReadOnly>false</IsReadOnly>
            <Help/>
            <ObscureType/>
            <DisplayLogic/>
            <IsMandatory/>
            <EntityType>JP</EntityType>
            <Description/>
            <Name>SO Tax Rounding</Name>
            <AD_Field_UU>3fec1b93-cc59-43cf-b9e0-41e2a6d5919b</AD_Field_UU>
            <IsDisplayed>true</IsDisplayed>
            <IsFieldOnly>false</IsFieldOnly>
            <DefaultValue/>
            <IsAllowCopy/>
            <IsDisplayedGrid>true</IsDisplayedGrid>
            <IsActive>true</IsActive>
            <SeqNoGrid>360</SeqNoGrid>
            <XPosition>1</XPosition>
            <IsQuickEntry>false</IsQuickEntry>
            <MandatoryLogic/>
            <IsUpdateable/>
            <IsAlwaysUpdateable/>
            <ReadOnlyLogic/>
            <IsToolbarButton/>
            <ColumnSpan>2</ColumnSpan>
            <NumLines>1</NumLines>
            <IsAdvancedField>false</IsAdvancedField>
            <IsDefaultFocus>false</IsDefaultFocus>
            <AD_Column_ID reference="uuid" reference-key="AD_Column">fb43f078-ebaa-4c37-b0ac-d242008e4abc</AD_Column_ID>
            <AD_FieldGroup_ID reference="id"/>
            <AD_Reference_ID reference="id"/>
            <AD_Reference_Value_ID reference="id"/>
            <AD_Val_Rule_ID reference="id"/>
            <Included_Tab_ID reference="id"/>
            <AD_Field_Trl type="translation">
                <Help/>
                <Description/>
                <Name>売上に係る消費税の端数処理</Name>
                <AD_Language>ja_JP</AD_Language>
                <IsActive>true</IsActive>
                <IsTranslated>false</IsTranslated>
            </AD_Field_Trl>
        </AD_Field>
        <AD_Field type="table">
            <AD_Client_ID>0</AD_Client_ID>
            <AD_Org_ID>0</AD_Org_ID>
            <SortNo/>
            <IsEncrypted>false</IsEncrypted>
            <AD_Tab_ID reference="id">220</AD_Tab_ID>
            <DisplayLength>1</DisplayLength>
            <IsSameLine>false</IsSameLine>
            <IsHeading>false</IsHeading>
            <SeqNo>250</SeqNo>
            <IsCentrallyMaintained>true</IsCentrallyMaintained>
            <IsReadOnly>false</IsReadOnly>
            <Help/>
            <ObscureType/>
            <DisplayLogic/>
            <IsMandatory/>
            <EntityType>JP</EntityType>
            <Description/>
            <Name>PO Tax Rounding</Name>
            <AD_Field_UU>15ca7d19-c833-484b-9c31-85e9819a75a0</AD_Field_UU>
            <IsDisplayed>true</IsDisplayed>
            <IsFieldOnly>false</IsFieldOnly>
            <DefaultValue/>
            <IsAllowCopy/>
            <IsDisplayedGrid>true</IsDisplayedGrid>
            <IsActive>true</IsActive>
            <SeqNoGrid>370</SeqNoGrid>
            <XPosition>4</XPosition>
            <IsQuickEntry>false</IsQuickEntry>
            <MandatoryLogic/>
            <IsUpdateable/>
            <IsAlwaysUpdateable/>
            <ReadOnlyLogic/>
            <IsToolbarButton/>
            <ColumnSpan>2</ColumnSpan>
            <NumLines>1</NumLines>
            <IsAdvancedField>false</IsAdvancedField>
            <IsDefaultFocus>false</IsDefaultFocus>
            <AD_Column_ID reference="uuid" reference-key="AD_Column">2bef6236-9bfd-4f42-acf4-465bd2e760d9</AD_Column_ID>
            <AD_FieldGroup_ID reference="id"/>
            <AD_Reference_ID reference="id"/>
            <AD_Reference_Value_ID reference="id"/>
            <AD_Val_Rule_ID reference="id"/>
            <Included_Tab_ID reference="id"/>
            <AD_Field_Trl type="translation">
                <Help/>
                <Description/>
                <Name>仕入に係る消費税の端数処理</Name>
                <AD_Language>ja_JP</AD_Language>
                <IsActive>true</IsActive>
                <IsTranslated>false</IsTranslated>
            </AD_Field_Trl>
        </AD_Field>
    </AD_Menu>
</idempiere>
