<?xml version="1.0" encoding="UTF-8"?><idempiere Name="2Pack" Version="1.0.0" idempiereVersion="" DataBaseVersion="" Description="JPiere Base Plugin" Author="" AuthorEmail="" CreatedDate="2014-12-28 23:19:26.136" UpdatedDate="2014-12-28 23:19:26.136" PackOutVersion="100" UpdateDictionary="false" Client="0-SYSTEM-System" AD_Client_UU="11237b53-9592-4af1-b3c5-afd216514b5d">
    <AD_EntityType type="table">
        <AD_Client_ID>0</AD_Client_ID>
        <AD_Org_ID>0</AD_Org_ID>
        <Processing>false</Processing>
        <ModelPackage/>
        <Version/>
        <Help/>
        <EntityType>JP</EntityType>
        <Classpath/>
        <Description/>
        <AD_EntityType_UU>4ac0fff6-1d78-4822-82cc-eea8167ad696</AD_EntityType_UU>
        <IsActive>true</IsActive>
        <Name>JPiere</Name>
    </AD_EntityType>
    <AD_Form type="table">
        <AD_Client_ID>0</AD_Client_ID>
        <AD_Org_ID>0</AD_Org_ID>
        <AccessLevel>1</AccessLevel>
        <Classname>jpiere.base.plugin.webui.apps.form.WAllocation</Classname>
        <Help/>
        <JSPURL/>
        <IsBetaFunctionality>false</IsBetaFunctionality>
        <AD_Form_UU>c9e9a350-254c-43ca-b123-17cdf4d5a687</AD_Form_UU>
        <Description>JPIERE-0026 Allocate invoices and payments</Description>
        <Name>JP Payment Allocation</Name>
        <IsActive>true</IsActive>
        <AD_CtxHelp_ID reference="id"/>
        <EntityType>JP</EntityType>
        <AD_Form_Trl type="translation">
            <Help/>
            <Description>異なる取引間で債権債務の消込ができます。</Description>
            <Name>JP 消込処理</Name>
            <AD_Language>ja_JP</AD_Language>
            <IsActive>true</IsActive>
            <IsTranslated>false</IsTranslated>
        </AD_Form_Trl>
    </AD_Form>
</idempiere>
